ImageFile,KeyTerm
Aragorn strength of men.png,lord of the rings
Aragorn strength of men.png,lotr
Aragorn strength of men.png,aragorn
Aragorn strength of men.png,strength
Captain Jack Sparrow - outlift.png,jack sparrow
Captain Jack Sparrow - outlift.png,pirates
Captain Jack Sparrow - outlift.png,back
Captain Jack Sparrow - outlift.png,lift
Captain Jack Sparrow - outlift.png,pirates of the carribean
Cersei lannister - game of weights.png,cersei
Cersei lannister - game of weights.png,weight
Cersei lannister - game of weights.png,back
Cersei lannister - game of weights.png,lift
Cersei lannister - game of weights.png,game of thrones
Cersei lannister - game of weights.png,got
Commander Shepard - favourite gym.png,shepard
Commander Shepard - favourite gym.png,gym
Commander Shepard - favourite gym.png,mass effect
Commander Shepard - weight.png,shepard
Commander Shepard - weight.png,mass effect
Commander Shepard - weight.png,lift
Commander Shepard - weight.png,back
Dumbledore  and severus at gym.png,dumbledore
Dumbledore  and severus at gym.png,severus
Dumbledore  and severus at gym.png,gym
Dumbledore  and severus at gym.png,harry potter
Dumbledore - dwell on dreams.png,harry potter
Dumbledore - dwell on dreams.png,lift
Dumbledore - dwell on dreams.png,back
Dumbledore - dwell on dreams.png,dumbledore
Emperor palpatine -preworkout.png,preworkout
Emperor palpatine -preworkout.png,star wars
Emperor palpatine -preworkout.png,palpatine
Gandalf squatting with text.png,gandalf
Gandalf squatting with text.png,squat
Gandalf squatting with text.png,lotr
Gandalf squatting with text.png,legs
Gandalf squatting with text.png,lord of the rings
Gollum - rest day.png,lord of the rings
Gollum - rest day.png,lotr
Gollum - rest day.png,gollum
Gollum - rest day.png,rest
Gollum - rest day.png,precious
Haley Joel Osmont - weak people.png,haley joel osmont
Haley Joel Osmont - weak people.png,weak
Hermione - breaking PRs.png,harry potter
Hermione - breaking PRs.png,hermione
Hermione - breaking PRs.png,pr
JFK - lifting.png,jfk
JFK - lifting.png,lift
JFK - lifting.png,back
JFK - lifting.png,inspirational
Mace Windu - swole rank.png,star wars
Mace Windu - swole rank.png,mace windu
Mace Windu - swole rank.png,swole
Matthew McConaughey - pump those numbers.png,matthew mcconaughey
Matthew McConaughey - pump those numbers.png,wolf of wall street
Matthew McConaughey - pump those numbers.png,chest
Matthew McConaughey - pump those numbers.png,bench
Mike Wazowski - plate back.png,mike wazowski
Mike Wazowski - plate back.png,plate
Mike Wazowski - plate back.png,monsters inc
Neo - plates.png,neo
Neo - plates.png,matrix
Neo - plates.png,plate
Obi Wan - spot me now.png,star wars
Obi Wan - spot me now.png,obi wan kenobi
Obi Wan - spot me now.png,power
Pulp fiction.png,samuel l jackson
Pulp fiction.png,gym hoes
Pulp fiction.png,gym
Pulp fiction.png,pulp fiction
Pulp fiction.png,jules winnfield
Shredder.png,shredder
Shredder.png,shredded
Shredder.png,teenage mutant ninja turtles
Shredder.png,tmnt
Tywin Lannister - beefcake.png,game of thrones
Tywin Lannister - beefcake.png,tywin lannister
Tywin Lannister - beefcake.png,beefcake
Tywin Lannister - beefcake.png,got
Vader with barbie stormtroopers.png,darth vader
Vader with barbie stormtroopers.png,star wars
Vader with barbie stormtroopers.png,stormtroopers
Vader with barbie stormtroopers.png,gain
Walter white - we need to lift.png,breaking bad
Walter white - we need to lift.png,walter white
Walter white - we need to lift.png,jesse
Walter white - we need to lift.png,lift
Walter white - we need to lift.png,back
Yoda - pain is the path to the gains.png,yoda
Yoda - pain is the path to the gains.png,gain
Yoda - pain is the path to the gains.png,star wars
Yoda - pain is the path to the gains.png,growth
Yoda in swamp - curl or curl not.png,yoda
Yoda in swamp - curl or curl not.png,star wars
Yoda in swamp - curl or curl not.png,curl
Yoda in swamp - curl or curl not.png,try
Mando - this is the whey.png,mandalorian
Mando - this is the whey.png,star wars
Mando - this is the whey.png,mando
Mando - this is the whey.png,whey